repo_name,easy_file,hard_file
pyamg/pyamg,pyamg/util/bsr_utils.py,pyamg/graph_ref.py
pyamg/pyamg,pyamg/util/__init__.py,pyamg/util/linalg.py
pyamg/pyamg,pyamg/krylov/_bicgstab.py,pyamg/krylov/_fgmres.py
pyamg/pyamg,pyamg/krylov/_gmres.py,pyamg/krylov/_fgmres.py
pyamg/pyamg,pyamg/krylov/_cgne.py,pyamg/krylov/_fgmres.py
pyamg/pyamg,pyamg/krylov/_cgnr.py,pyamg/krylov/_fgmres.py
pyamg/pyamg,pyamg/relaxation/utils.py,pyamg/graph_ref.py
pyocd/pyOCD,pyocd/coresight/coresight_target.py,pyocd/commands/execution_context.py
mozman/ezdxf,src/ezdxf/commands.py,src/ezdxf/audit.py
mozman/ezdxf,src/ezdxf/entities/text.py,src/ezdxf/entities/dxfgfx.py
mozman/ezdxf,src/ezdxf/colors.py,src/ezdxf/entities/dxfgfx.py
mozman/ezdxf,src/ezdxf/version.py,src/ezdxf/entities/dxfgfx.py
mozman/ezdxf,src/ezdxf/document.py,src/ezdxf/entities/dxfgfx.py
mozman/ezdxf,src/ezdxf/enums.py,src/ezdxf/audit.py
mozman/ezdxf,src/ezdxf/entities/polyline.py,src/ezdxf/entities/dxfgfx.py
mozman/ezdxf,src/ezdxf/sections/tables.py,src/ezdxf/entities/dxfgfx.py
mozman/ezdxf,src/ezdxf/math/polyline.py,src/ezdxf/audit.py
mozman/ezdxf,src/ezdxf/lldxf/const.py,src/ezdxf/entities/dxfgfx.py
akrherz/pyIEM,src/pyiem/nws/products/ero.py,src/pyiem/nws/products/shef.py
auto-mat/klub,apps/api/views.py,apps/api/serializers.py
Erotemic/ubelt,ubelt/util_futures.py,ubelt/util_zip.py
Erotemic/ubelt,ubelt/util_links.py,ubelt/_win32_links.py
Erotemic/ubelt,ubelt/__init__.py,ubelt/util_io.py
Erotemic/ubelt,ubelt/util_futures.py,dev/gen_typed_stubs.py
SanPen/GridCal,src/GridCal/Engine/Core/Compilers/circuit_to_data.py,src/GridCal/Engine/IO/rawx_parser.py
SanPen/GridCal,src/GridCal/Engine/Core/Compilers/circuit_to_data.py,src/GridCal/Engine/IO/raw_parser.py
janpipek/physt,setup.py,physt/histogram1d.py
janpipek/physt,setup.py,physt/binnings.py
janpipek/physt,setup.py,physt/histogram_base.py
janpipek/physt,setup.py,physt/plotting/matplotlib.py
janpipek/physt,setup.py,physt/histogram_nd.py
nschloe/meshio,src/meshio/_cli/_ascii.py,src/meshio/ansys/_ansys.py
nschloe/meshio,src/meshio/_cli/_ascii.py,src/meshio/__init__.py
nschloe/meshio,src/meshio/_cli/_ascii.py,src/meshio/xdmf/time_series.py
nschloe/meshio,src/meshio/_cli/_ascii.py,src/meshio/vtk/_vtk_42.py
nschloe/meshio,src/meshio/_cli/_ascii.py,src/meshio/_mesh.py
pantsbuild/pex,pex/version.py,pex/resolver.py
pantsbuild/pex,pex/version.py,pex/bin/pex.py
postlund/pyatv,pyatv/core/facade.py,pyatv/core/__init__.py
brainix/pottery,pottery/set.py,pottery/monkey.py
brainix/pottery,pottery/set.py,pottery/base.py
brainix/pottery,pottery/set.py,pottery/__init__.py
brainix/pottery,pottery/deque.py,pottery/monkey.py
brainix/pottery,pottery/deque.py,pottery/base.py
brainix/pottery,pottery/deque.py,pottery/__init__.py
layday/instawow,src/instawow/matchers.py,src/instawow/cli.py
layday/instawow,src/instawow/matchers.py,src/instawow/wa_updater.py
layday/instawow,src/instawow/matchers.py,src/instawow/resolvers.py
xumi1993/seispy,seispy/ccpprofile.py,seispy/sviewerui.py
alisaifee/limits,limits/aio/storage/base.py,limits/aio/storage/mongodb.py
alisaifee/limits,limits/storage/__init__.py,limits/storage/memcached.py
alisaifee/limits,limits/aio/storage/base.py,limits/aio/strategies.py
alisaifee/limits,limits/storage/base.py,limits/storage/memcached.py
alisaifee/limits,limits/aio/storage/base.py,limits/storage/mongodb.py
arizvisa/syringe,lib/elf/segment.py,lib/elf/section.py
arizvisa/syringe,lib/elf/__init__.py,lib/elf/section.py
arizvisa/syringe,lib/elf/segment.py,lib/ptypes/pbinary.py
arizvisa/syringe,lib/elf/__init__.py,lib/ptypes/pbinary.py
ICTU/quality-time,components/server/src/data_model/sources/jmeter.py,components/server/src/model/measurement.py
ICTU/quality-time,components/collector/src/source_collectors/jmeter_csv/slow_transactions.py,components/server/src/model/measurement.py
ICTU/quality-time,components/server/src/data_model/metrics.py,components/server/src/model/measurement.py
ICTU/quality-time,components/server/src/routes/external/server.py,components/server/src/model/measurement.py
metabrainz/picard,picard/__init__.py,picard/cluster.py
nschloe/betterbib,src/betterbib/adapt_doi_urls.py,src/betterbib/journal_abbrev.py
nschloe/betterbib,src/betterbib/sync.py,src/betterbib/journal_abbrev.py
WeblateOrg/weblate,weblate/vcs/base.py,weblate/trans/models/alert.py
WeblateOrg/weblate,weblate/vcs/base.py,weblate/auth/models.py
WeblateOrg/weblate,weblate/vcs/base.py,weblate/vcs/git.py
WeblateOrg/weblate,weblate/vcs/base.py,weblate/formats/ttkit.py
MightyCreak/diffuse,src/diffuse/vcs/hg.py,src/diffuse/vcs/vcs_registry.py
MightyCreak/diffuse,src/diffuse/widgets.py,src/diffuse/vcs/svn.py
MightyCreak/diffuse,src/diffuse/vcs/vcs_interface.py,src/diffuse/vcs/vcs_registry.py
MightyCreak/diffuse,src/diffuse/widgets.py,src/diffuse/preferences.py
MightyCreak/diffuse,src/diffuse/widgets.py,src/diffuse/vcs/svk.py
MightyCreak/diffuse,src/diffuse/vcs/vcs_interface.py,src/diffuse/vcs/svn.py
MightyCreak/diffuse,src/diffuse/vcs/hg.py,src/diffuse/preferences.py
MightyCreak/diffuse,src/diffuse/vcs/hg.py,src/diffuse/vcs/svk.py
MightyCreak/diffuse,src/diffuse/vcs/vcs_interface.py,src/diffuse/vcs/svk.py
MightyCreak/diffuse,src/diffuse/vcs/vcs_interface.py,src/diffuse/preferences.py
MightyCreak/diffuse,src/diffuse/vcs/hg.py,src/diffuse/vcs/svn.py
MightyCreak/diffuse,src/diffuse/widgets.py,src/diffuse/vcs/vcs_registry.py
josephsl/wintenApps,addon/appModules/maps.py,addon/appModules/systemsettings.py
liampauling/flumine,flumine/__version__.py,flumine/markets/middleware.py
poliastro/poliastro,src/poliastro/core/propagation/mikkola.py,src/poliastro/sensors.py
bendalab/thunderfish,thunderfish/collectfish.py,thunderfish/harmonics.py
danielhrisca/asammdf,asammdf/gui/ui/search_dialog.py,asammdf/gui/widgets/numeric.py
julien6387/supvisors,supvisors/utils.py,supvisors/ttypes.py
julien6387/supvisors,supvisors/rpcinterface.py,supvisors/statemachine.py
julien6387/supvisors,supvisors/viewsupvisors.py,supvisors/statemachine.py
julien6387/supvisors,supvisors/strategy.py,supvisors/mainloop.py
julien6387/supvisors,supvisors/utils.py,supvisors/mainloop.py
julien6387/supvisors,supvisors/rpcinterface.py,supvisors/ttypes.py
julien6387/supvisors,supvisors/options.py,supvisors/context.py
julien6387/supvisors,supvisors/application.py,supvisors/viewapplication.py
julien6387/supvisors,supvisors/options.py,supvisors/mainloop.py
julien6387/supvisors,supvisors/strategy.py,supvisors/statemachine.py
julien6387/supvisors,supvisors/webutils.py,supvisors/mainloop.py
julien6387/supvisors,supvisors/strategy.py,supvisors/context.py
julien6387/supvisors,supvisors/rpcinterface.py,supvisors/viewapplication.py
julien6387/supvisors,supvisors/options.py,supvisors/statemachine.py
julien6387/supvisors,supvisors/webutils.py,supvisors/statemachine.py
julien6387/supvisors,supvisors/viewsupvisors.py,supvisors/ttypes.py
julien6387/supvisors,supvisors/viewsupvisors.py,supvisors/context.py
julien6387/supvisors,supvisors/webutils.py,supvisors/viewapplication.py
julien6387/supvisors,supvisors/strategy.py,supvisors/viewapplication.py
julien6387/supvisors,supvisors/rpcinterface.py,supvisors/context.py
julien6387/supvisors,supvisors/options.py,supvisors/viewapplication.py
julien6387/supvisors,supvisors/webutils.py,supvisors/ttypes.py
julien6387/supvisors,supvisors/application.py,supvisors/statemachine.py
julien6387/supvisors,supvisors/options.py,supvisors/ttypes.py
julien6387/supvisors,supvisors/rpcinterface.py,supvisors/mainloop.py
julien6387/supvisors,supvisors/utils.py,supvisors/statemachine.py
julien6387/supvisors,supvisors/utils.py,supvisors/viewapplication.py
julien6387/supvisors,supvisors/strategy.py,supvisors/ttypes.py
julien6387/supvisors,supvisors/viewsupvisors.py,supvisors/viewapplication.py
julien6387/supvisors,supvisors/utils.py,supvisors/context.py
julien6387/supvisors,supvisors/viewsupvisors.py,supvisors/mainloop.py
julien6387/supvisors,supvisors/application.py,supvisors/context.py
julien6387/supvisors,supvisors/application.py,supvisors/ttypes.py
julien6387/supvisors,supvisors/webutils.py,supvisors/context.py
julien6387/supvisors,supvisors/application.py,supvisors/mainloop.py
aioworkers/aioworkers,aioworkers/storage/http.py,aioworkers/core/config.py
jdfekete/progressivis,progressivis/core/time_predictor.py,progressivis/stats/sample.py
jdfekete/progressivis,progressivis/io/vec_loader.py,progressivis/stats/sample.py
kevinkahn/softconsole,keys/keymodules/onoff.py,getinstallinfo.py
kevinkahn/softconsole,keys/keyutils.py,getinstallinfo.py
nilouco/dpAutoRigSystem,dpAutoRigSystem/Extras/dpPoseReader.py,dpAutoRigSystem/Modules/Library/jcRibbon.py
nilouco/dpAutoRigSystem,dpAutoRigSystem/Extras/dpTargetMirror.py,dpAutoRigSystem/Modules/dpHead.py
nilouco/dpAutoRigSystem,dpAutoRigSystem/Extras/dpPrintSelection.py,dpAutoRigSystem/Modules/dpFinger.py
nilouco/dpAutoRigSystem,dpAutoRigSystem/Modules/Library/sqIkFkTools.py,dpAutoRigSystem/Modules/dpFinger.py
nilouco/dpAutoRigSystem,dpAutoRigSystem/Modules/Library/libSerialization/pluginMaya.py,dpAutoRigSystem/Modules/dpFinger.py
nilouco/dpAutoRigSystem,dpAutoRigSystem/Modules/Library/sqIkFkTools.py,dpAutoRigSystem/Modules/dpLimb.py
nilouco/dpAutoRigSystem,dpAutoRigSystem/Scripts/dpQuadruped.py,dpAutoRigSystem/Modules/dpLimb.py
nilouco/dpAutoRigSystem,dpAutoRigSystem/Extras/dpPrintSelection.py,dpAutoRigSystem/Modules/dpLimb.py
nilouco/dpAutoRigSystem,dpAutoRigSystem/Extras/dpMatchMesh.py,dpAutoRigSystem/Modules/dpHead.py
nilouco/dpAutoRigSystem,dpAutoRigSystem/Extras/dpIkFkSnap.py,dpAutoRigSystem/Modules/dpFinger.py
nilouco/dpAutoRigSystem,dpAutoRigSystem/Scripts/dpBiped.py,dpAutoRigSystem/Modules/dpHead.py
nilouco/dpAutoRigSystem,dpAutoRigSystem/Extras/dpMatchMesh.py,dpAutoRigSystem/Modules/dpFinger.py
nilouco/dpAutoRigSystem,dpAutoRigSystem/Extras/dpUpdateRigInfo.py,dpAutoRigSystem/Modules/dpFinger.py
nilouco/dpAutoRigSystem,dpAutoRigSystem/Scripts/dpQuadruped.py,dpAutoRigSystem/Modules/dpHead.py
nilouco/dpAutoRigSystem,dpAutoRigSystem/Modules/Library/sqIkFkTools.py,dpAutoRigSystem/Modules/dpHead.py
nilouco/dpAutoRigSystem,dpAutoRigSystem/Extras/dpPrintSelection.py,dpAutoRigSystem/Modules/dpHead.py
nilouco/dpAutoRigSystem,dpAutoRigSystem/Scripts/dpLeg.py,dpAutoRigSystem/Modules/dpLimb.py
nilouco/dpAutoRigSystem,dpAutoRigSystem/Modules/Library/libSerialization/__init__.py,dpAutoRigSystem/Modules/dpFinger.py
nilouco/dpAutoRigSystem,dpAutoRigSystem/Scripts/dpQuadruped.py,dpAutoRigSystem/Modules/dpFinger.py
nilouco/dpAutoRigSystem,dpAutoRigSystem/Extras/dpUpdateRigInfo.py,dpAutoRigSystem/Modules/dpHead.py
nilouco/dpAutoRigSystem,dpAutoRigSystem/Extras/sqSpaceSwitcher.py,dpAutoRigSystem/Modules/Library/jcRibbon.py
nilouco/dpAutoRigSystem,dpAutoRigSystem/Extras/dpTargetMirror.py,dpAutoRigSystem/Modules/dpLimb.py
nilouco/dpAutoRigSystem,dpAutoRigSystem/Modules/Library/libSerialization/__init__.py,dpAutoRigSystem/Modules/dpHead.py
nilouco/dpAutoRigSystem,dpAutoRigSystem/Extras/dpIkFkSnap.py,dpAutoRigSystem/Modules/dpLimb.py
nilouco/dpAutoRigSystem,dpAutoRigSystem/Scripts/dpLeg.py,dpAutoRigSystem/Modules/dpHead.py
nilouco/dpAutoRigSystem,dpAutoRigSystem/Modules/Library/libSerialization/pluginMaya.py,dpAutoRigSystem/Modules/dpLimb.py
nilouco/dpAutoRigSystem,dpAutoRigSystem/Extras/dpUpdateRigInfo.py,dpAutoRigSystem/Modules/dpLimb.py
nilouco/dpAutoRigSystem,dpAutoRigSystem/Scripts/dpArm.py,dpAutoRigSystem/Modules/dpFinger.py
nilouco/dpAutoRigSystem,dpAutoRigSystem/Modules/Library/libSerialization/__init__.py,dpAutoRigSystem/Modules/dpLimb.py
nilouco/dpAutoRigSystem,dpAutoRigSystem/Scripts/dpBiped.py,dpAutoRigSystem/Modules/dpLimb.py
nilouco/dpAutoRigSystem,dpAutoRigSystem/Extras/dpTargetMirror.py,dpAutoRigSystem/Modules/dpFinger.py
nilouco/dpAutoRigSystem,dpAutoRigSystem/Scripts/dpLeg.py,dpAutoRigSystem/Modules/dpFinger.py
nilouco/dpAutoRigSystem,dpAutoRigSystem/Scripts/dpArm.py,dpAutoRigSystem/Modules/dpLimb.py
nilouco/dpAutoRigSystem,dpAutoRigSystem/Extras/dpIkFkSnap.py,dpAutoRigSystem/Modules/dpHead.py
nilouco/dpAutoRigSystem,dpAutoRigSystem/Scripts/dpArm.py,dpAutoRigSystem/Modules/dpHead.py
nilouco/dpAutoRigSystem,dpAutoRigSystem/Scripts/dpBiped.py,dpAutoRigSystem/Modules/dpFinger.py
nilouco/dpAutoRigSystem,dpAutoRigSystem/Modules/Library/libSerialization/pluginMaya.py,dpAutoRigSystem/Modules/dpHead.py
nilouco/dpAutoRigSystem,dpAutoRigSystem/Extras/dpMatchMesh.py,dpAutoRigSystem/Modules/dpLimb.py
ecederstrand/exchangelib,exchangelib/services/create_attachment.py,exchangelib/folders/roots.py
matllubos/django-is-core,is_core/version.py,is_core/generic_views/table_views.py
neo4j/neo4j-python-driver,neo4j/_async/io/_bolt4.py,neo4j/_async_compat/concurrency.py
neo4j/neo4j-python-driver,neo4j/_async/io/_bolt3.py,neo4j/_async_compat/concurrency.py
neo4j/neo4j-python-driver,neo4j/_async/io/_bolt4.py,neo4j/_async/io/_pool.py
neo4j/neo4j-python-driver,neo4j/_async/io/_bolt3.py,neo4j/_async/io/_common.py
neo4j/neo4j-python-driver,neo4j/_async/io/_bolt3.py,neo4j/_async/io/_pool.py
neo4j/neo4j-python-driver,neo4j/_async/io/_bolt4.py,neo4j/_async/io/_common.py
robcarver17/pysystemtrade,syslogdiag/database_log.py,sysproduction/interactive_diagnostics.py
robcarver17/pysystemtrade,syslogdiag/database_log.py,sysbrokers/IB/ib_trading_hours.py
platformio/platformio-core,platformio/clients/registry.py,platformio/package/manager/core.py
graphql-python/graphql-core,src/graphql/version.py,src/graphql/execution/execute.py
graphql-python/graphql-core,src/graphql/version.py,src/graphql/type/definition.py
SEMAFORInformatik/femagtools,femagtools/__init__.py,femagtools/machine.py
Taapat/enigma2-plugin-youtube,src/YouTubeVideoUrl.py,src/YouTubeUi.py
Taapat/enigma2-plugin-youtube,src/YouTubeVideoUrl.py,src/YouTubeSearch.py
bitcraze/crazyflie-lib-python,cflib/localization/lighthouse_system_aligner.py,cflib/localization/lighthouse_geometry_solver.py
bitcraze/crazyflie-lib-python,cflib/localization/ippe_cf.py,cflib/localization/lighthouse_geometry_solver.py
bitcraze/crazyflie-lib-python,cflib/localization/lighthouse_sample_matcher.py,cflib/localization/lighthouse_geometry_solver.py
Som-Energia/somenergia-tomatic,scripts/tomatic_rtqueue.py,scripts/tomatic_api.py
Som-Energia/somenergia-tomatic,scripts/areavoip_dailyreport.py,scripts/tomatic_api.py
the-blue-alliance/the-blue-alliance,old_py2/controllers/cron_controller.py,src/backend/api/handlers/event.py
